scenario,n_summary_rows,n_robust,n_bounded,n_fragile,min_score,max_score
CausalForest,4,2,2,0,0.9019900287915102,0.9880981659050478
DiD,4,3,1,0,0.784862152951274,0.9831052897488022
ERF,4,2,2,0,0.8405731948026931,0.9026602566427859
GCCM,12,0,0,12,0.06666666666666667,0.4
Granger,4,2,1,1,0.16666666666666666,0.8666666666666667
PSM,20,4,0,16,0.11742606796857757,0.9833275616089237
