scenario,n_summary_rows,n_robust,n_bounded,n_fragile,min_score,max_score,preferred_variant,preferred_fragility,preferred_rows,preferred_robust_rows,preferred_bounded_rows,preferred_fragile_rows,preferred_min_score,preferred_mean_score,diagnostic_fragile_rows
CausalForest,4,2,2,0,0.9019900287915102,0.9880981659050478,standard,bounded,4,2,2,0,0.9019900287915102,0.959756880736577,0
DiD,4,3,1,0,0.784862152951274,0.9831052897488022,standard,bounded,4,3,1,0,0.784862152951274,0.92608382509483,0
ERF,4,2,2,0,0.8405731948026931,0.9026602566427859,standard,bounded,4,2,2,0,0.8405731948026931,0.8779387301846222,0
GCCM,12,11,1,0,0.8333333333333334,1.0,standard,robust,4,4,0,0,0.9666666666666667,0.9916666666666667,0
Granger,4,2,2,0,0.6666666666666666,1.0,standard,bounded,4,2,2,0,0.6666666666666666,0.8666666666666667,0
PSM,20,4,0,16,0.11742606796857757,0.9833275616089237,ols_adjusted,robust,4,4,0,0,0.9188082987508674,0.95830445726425,16
