{
  "n": 3044,
  "exposure_min": 1.831166453,
  "exposure_max": 37.95721187,
  "exposure_unique": 3020,
  "exposure_analyzable": true,
  "share_at_min": 0.000328515111695138,
  "share_at_max": 0.000328515111695138,
  "boundary_mass": 0.000328515111695138
}