variable,abs_corr_with_exposure
UnemployRate,0.26463180921079615
pHHinPoverty,0.1915599287769434
pNoHealthInsur,0.1526622242157354
MentalHealth,0.33227209965216
pAdultSmoking,0.16845813917821262
pAdultObesity,0.08211934860073597
FastFood,0.4597574411844699
pInsufficientSleep,0.37172582134344906
pAlcohol,0.15829968921239998
pSuicideDeaths,0.12699323863497924
AirPollution,0.23030854422460986
Shape_Length,0.12606402446494822
Shape_Area,0.09981209131090535
