estimator,status,coef,se,p_value,ci_lower,ci_upper,r_squared,n,complete_n,dropped_n,warnings
baseline_adjusted_ols,ok,0.18124459921355354,0.007787914360399238,2.3392760031593524e-110,0.1659744657682939,0.1965147326588132,0.6934635104772777,3044,3044.0,0,[]
generalized_propensity_erf,ok,6.84732145701021,,,,,,3044,,0,
