scenario,variant,method,metric_name,n_seeds,n_success,failure_count,true_value,estimate_mean,estimate_median,estimate_std,bias,rmse,mae,coverage_rate
GCCM,knn_k2,geographic_causal_mapping,direction_accuracy,30,30,0,1.0,0.06666666666666667,0.0,0.2537081317024625,-0.9333333333333333,0.9660917830792959,0.9333333333333333,
GCCM,queen,geographic_causal_mapping,direction_accuracy,30,30,0,1.0,0.3,0.0,0.466091599699399,-0.7,0.8366600265340756,0.7,
GCCM,standard,geographic_causal_mapping,direction_accuracy,30,30,0,1.0,0.23333333333333334,0.0,0.43018306715207627,-0.7666666666666667,0.8755950357709131,0.7666666666666667,
PSM,caliper,propensity_score_matching,att,30,30,0,15000.0,8457.610296666668,8763.4617,1515.0979145936594,-6542.389703333333,6709.833629188918,6542.389703333333,0.0
PSM,kernel,propensity_score_matching,att,30,30,0,15000.0,8675.602669999998,8894.189699999999,1808.4241138507844,-6324.397330000002,6569.580359816211,6324.397330000002,0.0
PSM,naive_difference,mean_difference,ate,30,30,0,15000.0,23795.03296155162,23617.29582708016,1093.1922115397172,8795.032961551617,8860.464906864168,8795.032961551617,
PSM,ols_adjusted,ols_adjusted,ate,30,30,0,15000.0,15011.892389913735,15001.263761758511,418.7219085902472,11.892389913737377,411.85579731285117,323.1054273882881,0.8666666666666667
PSM,standard,propensity_score_matching,att,30,30,0,15000.0,8675.602669999998,8894.189699999999,1808.4241138507844,-6324.397330000002,6569.580359816211,6324.397330000002,0.0
