variable,abs_corr_with_exposure
rate1849,0.5622470833508484
pop_house,0.2338642288521265
pop1851,0.3105195120046528
d_sou,0.8282298232481067
d_lam,0.28108479377741835
d_pump,0.19359799830954322
d_thames,0.4031818599612388
d_unasc,0.06751586324622841
