case,specification,estimator,coef,se,p_value,ci_lower,ci_upper,r_squared,n,included_columns,status
snow8,exposure_only,baseline_adjusted_ols,162.6609417122746,11.47654127290666,1.4360953079524715e-14,139.1887793117665,186.1331041127827,0.873849209377243,31,perc_sou,ok
snow8,confounders_only,baseline_adjusted_ols,152.80332972651053,14.347747830149823,5.622662493878035e-11,123.31111168341319,182.29554776960785,0.8808232845039209,31,"perc_sou,rate1849,pop_house,pop1851",ok
snow8,context_only,baseline_adjusted_ols,105.90410910571387,18.898755437296998,9.095204439189554e-06,66.89899494211687,144.90922326931087,0.9263836729458733,31,"perc_sou,d_sou,d_lam,d_pump,d_thames,d_unasc",ok
snow8,confounders_plus_context,baseline_adjusted_ols,83.17184030435816,21.825294491254706,0.0010203976314732412,37.78365571508649,128.56002489362982,0.9420770072133966,31,"perc_sou,rate1849,pop_house,pop1851,d_sou,d_lam,d_pump,d_thames,d_unasc",ok
