estimator,status,coef,se,p_value,ci_lower,ci_upper,r_squared,n,complete_n,dropped_n,warnings
baseline_adjusted_ols,ok,83.17184030435816,21.825294491254706,0.0010203976314732412,37.78365571508649,128.56002489362982,0.9420770072133966,31,31.0,1,[]
difference_outcome_ols,ok,83.17184030435821,21.825294491254706,0.0010203976314732334,37.783655715086546,128.56002489362987,0.9304868940601919,31,31.0,1,[]
generalized_propensity_erf,ok,153.72327222942863,,,,,,31,,1,
