group,coef,n
Bermondsey,93.01870009144729,29
Camberwell,74.64127400858564,28
Lambeth,85.74184846478073,24
Lewisham,83.17184030435816,31
Newington,85.07074512519208,29
Rotherhithe,83.58239005374514,31
St. George Southwark,100.31046744064547,29
St. Olave Southwark,75.30379779582006,30
St. Saviour Southwark,86.95497158783617,30
Wandsworth,57.2801056318314,27
