variant,threshold,estimator,n_total,complete_n,caliper,status,common_support_n,att,se,ci_lower,ci_upper,caliper_abs,max_pre_smd,max_post_smd,balance_pass_0_1,matched_treated_n,matched_control_n
pre_treatment,8,psm_nearest_caliper,5000,5000,0.2,ok,4995,0.3309233437663008,0.03610953861571483,0.26819594353155884,0.39525176820180274,0.012764822619530575,0.1647576678391635,0.07596302059216171,True,2130,2130
full_rs_context,8,psm_nearest_caliper,5000,5000,0.2,ok,4977,0.22193106368563612,0.050448310475404504,0.12514961345818734,0.30730151834107605,0.03711458322977201,0.6854295801176362,0.08331941958231977,True,1640,1640
pre_treatment,10,psm_nearest_caliper,5000,5000,0.2,ok,4990,0.3031107503607498,0.0377655120868366,0.22443852258151473,0.36912316982960924,0.012120324313294982,0.13813865296642783,0.10448622385232399,False,2178,2178
full_rs_context,10,psm_nearest_caliper,5000,5000,0.2,ok,4974,0.24412501101612677,0.04981433757753381,0.15962466156007862,0.3413159348285879,0.03812976139427749,0.7031278019710897,0.06130709231666454,True,1621,1621
pre_treatment,12,psm_nearest_caliper,5000,5000,0.2,ok,4993,0.3489201244316816,0.04485225044213474,0.2497743203118756,0.4259601931283396,0.010884165909225897,0.17546330223701168,0.08386205099420097,True,1990,1990
full_rs_context,12,psm_nearest_caliper,5000,5000,0.2,ok,4980,0.30528816344245974,0.04725129550610265,0.22578307395006547,0.39764327179439446,0.03945933368681848,0.772428240952783,0.052411983774313615,True,1536,1536
