variant,threshold,estimator,status,n_total,complete_n,common_support_n,att,se,ci_lower,ci_upper,caliper,caliper_abs,max_pre_smd,max_post_smd,balance_pass_0_1,matched_treated_n,matched_control_n,pca_components,pca_explained_variance
raw,10,raw_difference,ok,5000,5000,5000,0.23773722857142587,0.042546660336453136,0.15728641325397366,0.3226803626984099,,,,,False,2500,2500,,
coordinates_only,10,psm_nearest_caliper,ok,5000,5000,4992,0.26662119924848376,0.038995930731009626,0.19232519262782002,0.3383680434677498,0.2,0.008222034977385727,0.13813865296642783,0.08004424699577341,True,2298,2298,,
geometry,10,psm_nearest_caliper,ok,5000,5000,4979,0.25168778112337814,0.04301131490893425,0.16689628917140603,0.3365471460168765,0.2,0.010106169948268226,0.13813865296642783,0.12530482413910446,False,2135,2135,,
terrain,10,psm_nearest_caliper,ok,5000,5000,4990,0.3031107503607498,0.040521919074918554,0.21982320144081458,0.38102843068127146,0.2,0.012120324313294982,0.13813865296642783,0.10448622385232399,False,2178,2178,,
sentinel_indices,10,psm_nearest_caliper,ok,5000,5000,4950,0.156651339165025,0.05005980244055112,0.054802974018073984,0.26256052854536,0.2,0.03615791168022231,0.7031278019710897,0.08338257508162271,True,1644,1644,,
sentinel_bands,10,psm_nearest_caliper,ok,5000,5000,4990,0.12145516919797432,0.047191896870519376,0.032399360868448,0.21547177198717132,0.2,0.03498812743057519,0.4626324923261488,0.051095932272656346,True,1668,1668,,
full_rs_context,10,psm_nearest_caliper,ok,5000,5000,4974,0.24412501101612677,0.049768639022218744,0.14765224263877808,0.3460744790595649,0.2,0.03812976139427749,0.7031278019710897,0.06130709231666454,True,1621,1621,,
pca_context,10,psm_nearest_caliper,ok,5000,5000,4996,0.2314073873773931,0.048572779981468445,0.13437871379574978,0.32782434201403304,0.2,0.03486823740670398,0.560277851921903,0.06463305428840517,True,1717,1717,5.0,0.9712975194238231
