variant,estimand,att,se,ci_lower,ci_upper,n_units,n_pixels,buildings_per_pixel
pre_treatment,building_naive,0.26796286342993625,0.03831591267780308,0.1928636745814422,0.3430620522784303,5000,1400,3.571
pre_treatment,building_cluster_robust,0.26796286342993625,0.054209993362709985,0.16171127643902466,0.37421445042084783,5000,1400,3.571
pre_treatment,pixel_aggregated,0.5464295710074012,0.09553749808887431,0.35917607475320756,0.7336830672615948,1400,1400,3.571
full_rs_context,building_naive,0.20964725313034774,0.04084265553714541,0.12959564827754272,0.28969885798315276,5000,1400,3.571
full_rs_context,building_cluster_robust,0.20964725313034774,0.05542814639205692,0.10100808620191618,0.3182864200587793,5000,1400,3.571
full_rs_context,pixel_aggregated,0.4409267460733278,0.10543445934770557,0.23427520575182492,0.6475782863948307,1400,1400,3.571
