variant,threshold,estimator,n_total,complete_n,caliper,status,common_support_n,att,se,ci_lower,ci_upper,caliper_abs,max_pre_smd,max_post_smd,balance_pass_0_1,matched_treated_n,matched_control_n,geofm_columns_present,pca_components,pca_explained_variance,geofm_complete_rows
geometry_only,10,psm_nearest_caliper,5000,5000,0.2,ok,4979,0.25168778112337814,0.03843952880767036,0.19153905663358176,0.34849954787926213,0.010106169948268226,0.13813865296642783,0.12530482413910446,False,2135,2135,64,,,
geometry_rs_context,10,psm_nearest_caliper,5000,5000,0.2,ok,4974,0.24412501101612677,0.044960161776851464,0.15587445727211255,0.32822274279545155,0.03812976139427749,0.7031278019710897,0.06130709231666454,True,1621,1621,64,,,
geometry_alphaearth_64d,10,psm_nearest_caliper,5000,199,0.2,ok,116,-0.12993616287094953,0.2537036491051248,-0.5826522601794478,0.3159200741890983,0.07398141220584281,0.9131454133547868,0.37592578595911713,False,23,23,64,,,
geometry_rs_alphaearth_64d,10,psm_nearest_caliper,5000,199,0.2,ok,96,0.32604382332642706,0.409325096677665,-0.4343627933057349,1.2148167270531394,0.07479515394936936,0.9131454133547868,0.35698184329287114,False,23,23,64,,,
geometry_alphaearth_pca,10,psm_nearest_caliper,5000,199,0.2,ok,141,0.24098039215685862,0.31752645695993426,-0.43406273342671015,0.775777310924366,0.06846134194591116,0.6926229835258955,0.2676577320301034,False,34,34,64,22.0,0.9526559963644823,199.0
geometry_rs_alphaearth_pca,10,psm_nearest_caliper,5000,199,0.2,ok,137,0.12357583774249765,0.38059770354963507,-0.5332329512051863,0.9541416078777104,0.06972995548406545,0.7529684716580419,0.6759163712129674,False,27,27,64,22.0,0.9526559963644823,199.0
