scenario,variant,method,metric_name,n_seeds,n_success,failure_count,true_value,estimate_mean,estimate_median,estimate_std,bias,rmse,mae,coverage_rate
CausalForest,standard,causal_forest_analysis,ate,30,30,0,100.14461154839172,99.79616000000003,99.5702,2.668799015261747,-0.3484515483917169,1.8413194417574372,1.5653613879127746,1.0
DiD,standard,difference_in_differences,did_estimate,30,30,0,-8.0,-8.044766666666668,-8.0794,0.2051500247225872,-0.0447666666666667,0.20661002557152605,0.17640666666666668,1.0
ERF,standard,exposure_response_function,range_effect,30,30,0,19.5303625110277,17.29210866220225,17.205114645331285,0.4778694878816617,-2.2382538488254515,2.280598685136471,2.2382538488254515,
GCCM,standard,geographic_causal_mapping,direction_accuracy,30,30,0,1.0,0.23333333333333334,0.0,0.43018306715207627,-0.7666666666666667,0.8755950357709131,0.7666666666666667,
Granger,standard,spatial_granger_causality,direction_accuracy,30,30,0,1.0,0.8666666666666667,1.0,0.34574590364176044,-0.13333333333333333,0.3651483716701107,0.13333333333333333,
PSM,standard,propensity_score_matching,att,30,30,0,15000.0,8675.602669999998,8894.189699999999,1808.4241138507844,-6324.397330000002,6569.580359816211,6324.397330000002,0.0
