threshold,tp,fp,fn,tn,tpr,fpr,precision,youden_j
0.05,1695,22,446,717,0.7916861279775805,0.029769959404600813,0.9871869539895166,0.7619161685729797
0.1,1455,17,686,722,0.6795889771134984,0.023004059539918808,0.9884510869565217,0.6565849175735796
0.15,1268,14,873,725,0.592246613731901,0.018944519621109608,0.9890795631825273,0.5733020941107914
0.2,1228,13,913,726,0.5735637552545539,0.017591339648173207,0.9895245769540693,0.5559724156063808
0.25,1172,10,969,729,0.5474077533862681,0.013531799729364006,0.9915397631133672,0.5338759536569041
0.3,1075,6,1066,733,0.5021018215787015,0.008119079837618403,0.9944495837187789,0.49398274174108314
