threshold,tp,fp,fn,tn,tpr,fpr,precision,youden_j
0.05,938,3,416,443,0.6927621861152142,0.006726457399103139,0.9968119022316685,0.6860357287161111
0.1,713,0,641,446,0.5265878877400295,0.0,1.0,0.5265878877400295
0.15,461,0,893,446,0.34047267355982275,0.0,1.0,0.34047267355982275
0.2,435,0,919,446,0.3212703101920236,0.0,1.0,0.3212703101920236
0.25,301,0,1053,446,0.2223042836041359,0.0,1.0,0.2223042836041359
0.3,83,0,1271,446,0.061299852289512555,0.0,1.0,0.061299852289512555
