{
  "rule_set": "scca-evidence-grade-rules-2026-06-20",
  "thresholds_tested": [
    0.05,
    0.1,
    0.15,
    0.2,
    0.25,
    0.3
  ],
  "best_threshold_by_youden_j": 0.05,
  "best_tpr": 0.6927621861152142,
  "best_fpr": 0.006726457399103139,
  "best_precision": 0.9968119022316685,
  "n_rows": 1800,
  "rho_grid": [
    0.2,
    0.5,
    0.8
  ],
  "n_grid": [
    500,
    2000,
    5000
  ],
  "sigma_u_grid": [
    0.0,
    0.5,
    1.0,
    2.0
  ],
  "reps_per_cell": 50,
  "positive_class": "rel_bias_gt_0_25",
  "rule_predictor": "abs(moran_i) >= t AND moran_p <= 0.05"
}