model,direct_effect_proxy,spillover_effect_proxy,combined_local_effect,spillover_share_abs,spillover_to_direct_ratio,spillover_p_value,n
neighbor_adjusted,-0.9999999999195451,5.5423665656917365e-11,-0.9999999998641215,5.542366565830468e-11,-5.542366566137647e-11,0.36442321813708833,4880.0
coordinate_knn_k2,-1.0000000001465965,-6.90085766308357e-11,-1.000000000215605,6.90085766159571e-11,6.900857662071929e-11,0.2479021912542163,
coordinate_knn_k4,-0.9999999999195451,5.5423665656917365e-11,-0.9999999998641215,5.542366565830468e-11,-5.542366566137647e-11,0.36442321813708833,
coordinate_knn_k6,-1.0000000000760654,-2.000966059512166e-11,-1.0000000000960751,2.0009660593199226e-11,2.0009660593599617e-11,0.7391278361783895,
coordinate_knn_k8,-0.9999999999893154,9.541056833484163e-11,-0.9999999998939049,9.541056832675788e-11,-9.541056833586105e-11,0.31065138754413324,
