graph_spec,graph_method,edge_count,exposure_moran_i,residual_moran_i,neighbor_adjusted_coef,neighbor_adjusted_relative_change,spatial_lag_adjusted_coef,spatial_lag_relative_change,neighbor_exposure_coef,neighbor_exposure_p_value,status
coordinate_knn_k2,coordinate_knn,13176,-0.05922729973781887,0.8045114384490923,-1.0000000001465965,1.9018242537190568e-10,,,-6.90085766308357e-11,0.2479021912542163,ok
coordinate_knn_k4,coordinate_knn,20740,-0.07945112125714242,0.8077676099424554,-0.9999999999195451,3.686895233717394e-11,,,5.5423665656917365e-11,0.36442321813708833,ok
coordinate_knn_k6,coordinate_knn,27328,-0.07347623574763736,0.816991430004732,-1.0000000000760654,1.1965128888202487e-10,,,-2.000966059512166e-11,0.7391278361783895,ok
coordinate_knn_k8,coordinate_knn,32940,-0.07902105270762304,0.8205138613525622,-0.9999999999893154,3.2901348313898085e-11,,,9.541056833484163e-11,0.31065138754413324,ok
