variable,abs_corr_with_exposure
UnemployRate,0.25429284978373246
pHHinPoverty,0.19748039252280858
pNoHealthInsur,0.16860034389203202
MentalHealth,0.33339886451696754
pAdultSmoking,0.17231432914707637
pAdultObesity,0.06658081461963389
FastFood,0.4261582467059024
pInsufficientSleep,0.3618973618519743
pAlcohol,0.18257208681883683
pSuicideDeaths,0.1569102998797222
AirPollution,0.22651989403946202
Shape_Length,0.12935697358994347
Shape_Area,0.09856442462006859
