{
  "n": 3108,
  "exposure_min": 0.0,
  "exposure_max": 70.621468927,
  "exposure_unique": 3064,
  "exposure_analyzable": true,
  "share_at_min": 0.006756756756756757,
  "share_at_max": 0.00032175032175032174,
  "boundary_mass": 0.006756756756756757
}