model,direct_effect_proxy,spillover_effect_proxy,combined_local_effect,spillover_share_abs,spillover_to_direct_ratio,spillover_p_value,n
neighbor_adjusted,-0.9999999999195457,5.542388770152229e-11,-0.9999999998641218,5.5423887702909575e-11,-5.542388770598138e-11,0.3444828695187284,4880.0
coordinate_knn_k2,-1.0000000001465965,-6.90087431642894e-11,-1.0000000002156053,6.900874314941075e-11,6.900874315417295e-11,0.27213705941960475,
coordinate_knn_k4,-0.9999999999195457,5.542388770152229e-11,-0.9999999998641218,5.5423887702909575e-11,-5.542388770598138e-11,0.3444828695187284,
coordinate_knn_k6,-1.000000000076065,-2.0009105483609346e-11,-1.000000000096074,2.000910548168699e-11,2.0009105482087357e-11,0.7260013180431106,
coordinate_knn_k8,-0.9999999999893152,9.541278878089088e-11,-0.9999999998939024,9.541278877280674e-11,-9.541278878191034e-11,0.2808648856765851,
