{
  "status": "ok",
  "n_replicates_requested": 50,
  "n_replicates_valid": 50,
  "failure_count": 0,
  "coef_mean": -1.0000000000107656,
  "coef_median": -1.0000000000074722,
  "coef_std": 7.411408638281902e-11,
  "ci_lower_2_5": -1.0000000001492544,
  "ci_upper_97_5": -0.9999999998780216,
  "sign_stability": 1.0
}