graph_spec,graph_method,edge_count,exposure_moran_i,residual_moran_i,neighbor_adjusted_coef,neighbor_adjusted_relative_change,spatial_lag_adjusted_coef,spatial_lag_relative_change,neighbor_exposure_coef,neighbor_exposure_p_value,status
coordinate_knn_k2,coordinate_knn,13176,-0.05922729973781887,0.8112839151758031,-1.0000000001465965,1.7405255015512862e-10,,,-6.90087431642894e-11,0.27213705941960475,ok
coordinate_knn_k4,coordinate_knn,20740,-0.07945112125714242,0.8156062180205063,-0.9999999999195457,5.299827243877637e-11,,,5.542388770152229e-11,0.3444828695187284,ok
coordinate_knn_k6,coordinate_knn,27328,-0.07347623574763736,0.8297301305471199,-1.000000000076065,1.0352096957717559e-10,,,-2.0009105483609346e-11,0.7260013180431106,ok
coordinate_knn_k8,coordinate_knn,32940,-0.07902105270762304,0.8365724490139858,-0.9999999999893152,1.677125105505301e-11,,,9.541278878089088e-11,0.2808648856765851,ok
