{
  "case": "county_social_capital_geocausal_arcgis_compare",
  "bootstrap_type": "STATE_NAME",
  "n_replicates_requested": 200,
  "n_replicates_valid": 200,
  "coef_mean": 0.14746134609062128,
  "coef_median": 0.14729182057583706,
  "coef_std": 0.013367713389664922,
  "ci_lower_2_5": 0.12283146691974536,
  "ci_upper_97_5": 0.17551143311740547,
  "sign_stability": 1.0,
  "failure_count": 0
}