sample,n,knot,n_at_or_below_knot,n_above_knot,slope_before_or_at_knot,slope_after_knot,slope_change_after_knot,slope_change_se_hc3,slope_change_p_hc3,slope_change_ci_lower_hc3,slope_change_ci_upper_hc3,linear_adjusted_r2,piecewise_adjusted_r2,aic_improvement_vs_linear
full_sample,3108,10.0,939,2169,0.036891793303912124,0.16399921565288889,0.12710742234897676,0.05116090325869209,0.013027206602729218,0.02679462732215808,0.22742021737579543,0.6909256788539364,0.6928103899547648,18.015374635466287
full_sample,3108,13.0,1654,1454,0.11554627593369227,0.15758067268198284,0.04203439674829057,0.033744286130538856,0.2129783011632486,-0.024129088302454027,0.10819788179903517,0.6909256788539364,0.6912298811097581,2.0655258377628343
full_sample,3108,15.0,2077,1031,0.1462826474746295,0.14665341886500882,0.00037077139037933193,0.02922310966647172,0.9898778427619253,-0.05692790051141075,0.057669443292169414,0.6909256788539364,0.6908257583119437,-1.9996098436859029
full_sample,3108,20.0,2666,442,0.17383287041055617,0.1110024765758556,-0.06283039383470057,0.027083622286835033,0.020412895704713774,-0.11593410541902407,-0.009726682250377074,0.6909256788539364,0.6920430923143733,10.261897262562343
arcgis_trimmed,3044,10.0,907,2137,0.01595736530244074,0.20716931579184794,0.1912119504894072,0.05083587242660912,0.00017219196848676825,0.09153562865047786,0.29088827232833653,0.6920467026683249,0.6953382651935844,31.71607753171338
arcgis_trimmed,3044,13.0,1622,1422,0.10843878352785441,0.21233981675226654,0.10390103322441213,0.030794781497612014,0.0007502130014653532,0.04352023507942344,0.16428183136940083,0.6920467026683249,0.6939084525527528,17.46365267762485
arcgis_trimmed,3044,15.0,2045,999,0.14274847856171569,0.20957296220802957,0.06682448364631388,0.026312131857770916,0.011144882459704533,0.015233030640174137,0.11841593665245362,0.6920467026683249,0.6929038927628425,7.489926974565606
arcgis_trimmed,3044,20.0,2634,410,0.17501276407796273,0.19485817994853105,0.019845415870568317,0.025367663584919837,0.434092679752473,-0.029894173106538156,0.0695850048476748,0.6920467026683249,0.6920144556739309,-1.3136144053678436
