library_size,rainfall_causes_ndvi_rho,ndvi_causes_rainfall_rho
10,0.6696389802395536,0.6512013585964999
36,0.7214837139489857,0.6900727967456064
63,0.7137501369599559,0.7013884772238709
89,0.723177928630277,0.7195890494516769
116,0.719050016831799,0.6991862840361553
142,0.7184895489567601,0.7192395778998175
169,0.7230390628585746,0.7202167906923556
196,0.817162327291698,0.817162327291698
