library_size,rainfall_causes_ndvi_rho,ndvi_causes_rainfall_rho
10,0.5807633164385477,0.30068735277673103
22,0.5988153872614708,0.4117286396487181
35,0.6055450057189946,0.3587914105217287
48,0.6316884617287781,0.40913725271860707
61,0.5872376681174889,0.4359225387320397
74,0.6158093192471822,0.37901778368984307
87,0.6611001385375563,0.5131875742493281
100,0.8180841173905087,0.8180841173905087
