{
  "timestamp": "2026-03-22 19:58:38",
  "config": {
    "study_areas": {
      "yangtze_delta": "长三角（快速城镇化）",
      "northeast_plain": "东北平原（农业稳定区）",
      "yunnan_eco": "云南（生态变化区）"
    },
    "years": [
      2017,
      2018,
      2019,
      2020,
      2021,
      2022,
      2023
    ],
    "sample_size": 500,
    "aef_collection": "GOOGLE/SATELLITE_EMBEDDING/V1/ANNUAL"
  },
  "metrics": {
    "yangtze_delta": {
      "area_name": "长三角（快速城镇化）",
      "interannual": {
        "2017-2018": {
          "cos_sim_mean": 0.9628292486375498,
          "cos_sim_std": 0.027870311072335494,
          "cos_sim_min": 0.7463106858761477,
          "cos_sim_p05": 0.904364901501079,
          "cos_sim_p50": 0.9708698911384895,
          "cos_sim_p95": 0.9842444050487194,
          "l2_dist_mean": 0.26227048386479923,
          "l2_dist_std": 0.07831022409111152,
          "l2_dist_max": 0.709326130910026,
          "l2_dist_p95": 0.4362248529513215,
          "n_samples": 500
        },
        "2018-2019": {
          "cos_sim_mean": 0.9582184116817816,
          "cos_sim_std": 0.03817840609551909,
          "cos_sim_min": 0.5343726075840172,
          "cos_sim_p05": 0.9148996486460638,
          "cos_sim_p50": 0.9677786760807255,
          "cos_sim_p95": 0.9843723656754618,
          "l2_dist_mean": 0.2748057637790562,
          "l2_dist_std": 0.09062172687928494,
          "l2_dist_max": 0.9630494890784121,
          "l2_dist_p95": 0.41842624374645015,
          "n_samples": 500
        },
        "2019-2020": {
          "cos_sim_mean": 0.9685417565085799,
          "cos_sim_std": 0.03107784268013181,
          "cos_sim_min": 0.7066626444358417,
          "cos_sim_p05": 0.9224759853491419,
          "cos_sim_p50": 0.9765584962220636,
          "cos_sim_p95": 0.9898030745989662,
          "l2_dist_mean": 0.23546688693696702,
          "l2_dist_std": 0.08496315208301775,
          "l2_dist_max": 0.76241723788775,
          "l2_dist_p95": 0.3926221935122303,
          "n_samples": 500
        },
        "2020-2021": {
          "cos_sim_mean": 0.95490725523963,
          "cos_sim_std": 0.034212422175160004,
          "cos_sim_min": 0.6109003966622721,
          "cos_sim_p05": 0.8928423283328907,
          "cos_sim_p50": 0.9647111530906474,
          "cos_sim_p95": 0.9836436332815537,
          "l2_dist_mean": 0.28631314197523366,
          "l2_dist_std": 0.0907157108744746,
          "l2_dist_max": 0.882437231861869,
          "l2_dist_p95": 0.46781047565036116,
          "n_samples": 500
        },
        "2021-2022": {
          "cos_sim_mean": 0.9555368936248901,
          "cos_sim_std": 0.04039937754338964,
          "cos_sim_min": 0.4962603388724149,
          "cos_sim_p05": 0.8917440590929967,
          "cos_sim_p50": 0.9668185191836873,
          "cos_sim_p95": 0.9828541663610587,
          "l2_dist_mean": 0.2835898669621802,
          "l2_dist_std": 0.09433347068102989,
          "l2_dist_max": 1.0030330422834939,
          "l2_dist_p95": 0.46613741886791504,
          "n_samples": 500
        },
        "2022-2023": {
          "cos_sim_mean": 0.9735818185791673,
          "cos_sim_std": 0.02783574195739804,
          "cos_sim_min": 0.5797978921838391,
          "cos_sim_p05": 0.9290618751815358,
          "cos_sim_p50": 0.9803835466825006,
          "cos_sim_p95": 0.9918600529503855,
          "l2_dist_mean": 0.2158227374718018,
          "l2_dist_std": 0.08016713112275531,
          "l2_dist_max": 0.9200017561722447,
          "l2_dist_p95": 0.37039055685773326,
          "n_samples": 500
        },
        "2017-2023": {
          "cos_sim_mean": 0.9156226288208732,
          "cos_sim_std": 0.09243981248464017,
          "cos_sim_min": 0.20958042429190205,
          "cos_sim_p05": 0.7705609624784245,
          "cos_sim_p50": 0.9457025845056194,
          "cos_sim_p95": 0.9762703333603836,
          "l2_dist_mean": 0.3780029244445067,
          "l2_dist_std": 0.1620258874757345,
          "l2_dist_max": 1.2560232802220006,
          "l2_dist_p95": 0.6773907603378511,
          "n_samples": 500
        }
      },
      "change_vs_stable": {
        "total_samples": 500,
        "delta_mean": 0.3780029244445067,
        "delta_std": 0.1620258874757345,
        "delta_p20": 0.2622626737778527,
        "delta_p80": 0.45143867597078396,
        "delta_max": 1.2560232802220006,
        "stable_count": 100,
        "change_count": 100,
        "stable_delta_mean": 0.2350252240779462,
        "change_delta_mean": 0.6368949104420113,
        "separation_ratio": 2.7099002370519383
      },
      "decodability": {
        "status": "ok",
        "year": 2020,
        "n_samples": 500,
        "n_classes": 5,
        "classes": [
          1,
          2,
          5,
          7,
          11
        ],
        "cv_accuracy_mean": 0.906,
        "cv_accuracy_std": 0.024166091947189133,
        "cv_scores": [
          0.91,
          0.94,
          0.87,
          0.89,
          0.92
        ],
        "lulc_source": "projects/sat-io/open-datasets/landcover/ESRI_Global-LULC_10m_TS"
      }
    },
    "northeast_plain": {
      "area_name": "东北平原（农业稳定区）",
      "interannual": {
        "2017-2018": {
          "cos_sim_mean": 0.9467668678395809,
          "cos_sim_std": 0.038220125378571605,
          "cos_sim_min": 0.7066979233285162,
          "cos_sim_p05": 0.8785118188683531,
          "cos_sim_p50": 0.95997744882968,
          "cos_sim_p95": 0.9815178436826933,
          "l2_dist_mean": 0.3113114338490856,
          "l2_dist_std": 0.09811829814717918,
          "l2_dist_max": 0.7619968087505222,
          "l2_dist_p95": 0.4842195981515886,
          "n_samples": 500
        },
        "2018-2019": {
          "cos_sim_mean": 0.9135632861290005,
          "cos_sim_std": 0.05227987571649395,
          "cos_sim_min": 0.6578597700792631,
          "cos_sim_p05": 0.802451591667417,
          "cos_sim_p50": 0.9284106766968195,
          "cos_sim_p95": 0.9696376803586471,
          "l2_dist_mean": 0.3994897585646348,
          "l2_dist_std": 0.11590108708973487,
          "l2_dist_max": 0.8335769405807092,
          "l2_dist_p95": 0.6324383818813778,
          "n_samples": 500
        },
        "2019-2020": {
          "cos_sim_mean": 0.9241724780720633,
          "cos_sim_std": 0.04879455127305106,
          "cos_sim_min": 0.6645794247354957,
          "cos_sim_p05": 0.8192187638829947,
          "cos_sim_p50": 0.9383806098296267,
          "cos_sim_p95": 0.9750738786445518,
          "l2_dist_mean": 0.37236450475464233,
          "l2_dist_std": 0.11572916147079973,
          "l2_dist_max": 0.8202410871337604,
          "l2_dist_p95": 0.6030006013938176,
          "n_samples": 500
        },
        "2020-2021": {
          "cos_sim_mean": 0.9709490743576725,
          "cos_sim_std": 0.03407921154064324,
          "cos_sim_min": 0.7197326019433865,
          "cos_sim_p05": 0.9067767350711384,
          "cos_sim_p50": 0.9831793544641173,
          "cos_sim_p95": 0.9951123840962006,
          "l2_dist_mean": 0.21737522578326146,
          "l2_dist_std": 0.10661332470750849,
          "l2_dist_max": 0.7514697963718526,
          "l2_dist_p95": 0.4345478251352737,
          "n_samples": 500
        },
        "2021-2022": {
          "cos_sim_mean": 0.9654849668841473,
          "cos_sim_std": 0.03257657533955605,
          "cos_sim_min": 0.7483190739196072,
          "cos_sim_p05": 0.8946339318757861,
          "cos_sim_p50": 0.97673749034212,
          "cos_sim_p95": 0.9925206277950943,
          "l2_dist_mean": 0.24315593672873922,
          "l2_dist_std": 0.10145178887802153,
          "l2_dist_max": 0.7190010290154586,
          "l2_dist_p95": 0.46178789950966387,
          "n_samples": 500
        },
        "2022-2023": {
          "cos_sim_mean": 0.9455352892341854,
          "cos_sim_std": 0.0524214289855473,
          "cos_sim_min": 0.6784227479420051,
          "cos_sim_p05": 0.8274280170892189,
          "cos_sim_p50": 0.9654590217201233,