variable,abs_corr_with_exposure
baseline_annual_mean,0.13634167746202397
monitor_count,0.0
year_index,0.45439723086897466
x,0.21822704154255104
y,0.0319679078706134
neighbor_nonattainment_lag1,0.9148508819249878
