model,direct_effect_proxy,spillover_effect_proxy,combined_local_effect,spillover_share_abs,spillover_to_direct_ratio,spillover_p_value,n
neighbor_adjusted,-0.9999999999195419,5.542299952310259e-11,-0.9999999998641189,5.542299952449011e-11,-5.542299952756182e-11,0.34214139464573656,4880.0
coordinate_knn_k2,-1.0000000001465934,-6.900835458623078e-11,-1.0000000002156018,6.900835457135246e-11,6.900835457611461e-11,0.269737658237749,
coordinate_knn_k4,-0.9999999999195419,5.542299952310259e-11,-0.9999999998641189,5.542299952449011e-11,-5.542299952756182e-11,0.34214139464573656,
coordinate_knn_k6,-1.0000000000760636,-2.001110388505367e-11,-1.0000000000960747,2.001110388313111e-11,2.0011103883531556e-11,0.7288561257332256,
coordinate_knn_k8,-0.9999999999893137,9.541145651326133e-11,-0.9999999998939022,9.541145650517758e-11,-9.541145651428093e-11,0.2866541636811115,
