graph_spec,graph_method,edge_count,exposure_moran_i,residual_moran_i,neighbor_adjusted_coef,neighbor_adjusted_relative_change,spatial_lag_adjusted_coef,spatial_lag_relative_change,neighbor_exposure_coef,neighbor_exposure_p_value,status
coordinate_knn_k2,coordinate_knn,13176,-0.05922729973781887,0.8718941252434504,-1.0000000001465934,1.9042700750428843e-10,,,-6.900835458623078e-11,0.269737658237749,ok
coordinate_knn_k4,coordinate_knn,20740,-0.07945112125714242,0.8763564976614805,-0.9999999999195419,3.66244812271499e-11,,,5.542299952310259e-11,0.34214139464573656,ok
coordinate_knn_k6,coordinate_knn,27328,-0.07347623574763736,0.8879923658524728,-1.0000000000760636,1.1989720328201975e-10,,,-2.001110388505367e-11,0.7288561257332256,ok
coordinate_knn_k8,coordinate_knn,32940,-0.07902105270762304,0.8938711363789015,-0.9999999999893137,3.3147262713871486e-11,,,9.541145651326133e-11,0.2866541636811115,ok
