estimator,status,coef,se,p_value,ci_lower,ci_upper,r_squared,n,complete_n,dropped_n,warnings
baseline_adjusted_ols,ok,0.18124459921355504,0.007787914360399237,2.3392760031504926e-110,0.1659744657682954,0.1965147326588147,0.6934635104772775,3044,3044.0,0,[]
generalized_propensity_erf,ok,6.84732145701021,0.22097125241954643,,6.41405337115789,7.280589542862525,,3044,,0,
