variable,abs_corr_with_exposure
dis_pestf,0.5425202150298992
dis_sewers,0.05713182902910452
pestfield,0.31687910362785715
COORD_X,0.19339994424850943
COORD_Y,0.07407354954245132
