case,specification,estimator,coef,se,p_value,ci_lower,ci_upper,r_squared,n,included_columns,status
soho,exposure_only,baseline_adjusted_ols,0.8756605757742452,0.04526461060210655,4.409509082560005e-76,0.7868854886650878,0.9644356628834025,0.16825645286617896,1852,bspump_proximity,ok
soho,confounders_only,baseline_adjusted_ols,0.9837059431149957,0.05416635743150237,6.039361062727637e-68,0.8774722177250335,1.0899396685049578,0.17726236954330354,1852,"bspump_proximity,dis_pestf,dis_sewers,pestfield",ok
soho,context_only,baseline_adjusted_ols,0.8448453447796642,0.04640318962538386,2.95478500260427e-68,0.753837158361668,0.9358535311976605,0.17207343207648018,1852,"bspump_proximity,COORD_X,COORD_Y",ok
soho,confounders_plus_context,baseline_adjusted_ols,1.0873063923785589,0.08286318807772224,1.1367236433101878e-37,0.924790915210856,1.2498218695462617,0.17944313188631578,1852,"bspump_proximity,dis_pestf,dis_sewers,pestfield,COORD_X,COORD_Y",ok
