{
  "n": 1852,
  "exposure_min": -6.095802039656067,
  "exposure_max": -2.1114245875328868,
  "exposure_unique": 1799,
  "exposure_analyzable": true,
  "share_at_min": 0.0005399568034557236,
  "share_at_max": 0.0005399568034557236,
  "boundary_mass": 0.0005399568034557236
}