variable,abs_corr_with_exposure
UnemployRate,0.2646318092107962
pHHinPoverty,0.19155992877694342
pNoHealthInsur,0.15266222421573541
MentalHealth,0.33227209965216015
pAdultSmoking,0.1684581391782127
pAdultObesity,0.08211934860073603
FastFood,0.45975744118447015
pInsufficientSleep,0.3717258213434491
pAlcohol,0.15829968921240004
pSuicideDeaths,0.12699323863497927
AirPollution,0.23030854422460992
Shape_Length,0.12606402446494822
Shape_Area,0.09981209131090532
