{
  "case": "county_social_capital_arcgis_demo",
  "bootstrap_type": "STATE_NAME",
  "n_replicates_requested": 200,
  "n_replicates_valid": 200,
  "coef_mean": 0.1810142919352587,
  "coef_median": 0.18124834299926412,
  "coef_std": 0.014650152206056682,
  "ci_lower_2_5": 0.15421210737114296,
  "ci_upper_97_5": 0.21018246689146455,
  "sign_stability": 1.0,
  "failure_count": 0
}