estimator,status,coef,se,p_value,ci_lower,ci_upper,r_squared,n,complete_n,dropped_n,warnings
baseline_adjusted_ols,ok,0.1812446003915234,0.007787914411021296,2.3392760039573866e-110,0.16597446684700667,0.19651473393604013,0.6934635104772757,3044,3044.0,0,[]
generalized_propensity_erf,ok,6.847321457010153,,,,,,3044,,0,
