estimator,status,coef,se,p_value,ci_lower,ci_upper,r_squared,n,complete_n,dropped_n,warnings
baseline_adjusted_ols,ok,0.18124460039152754,0.007787914411021229,2.3392760039237328e-110,0.16597446684701095,0.19651473393604413,0.6934635104772757,3044,3044.0,0,[]
generalized_propensity_erf,ok,6.847321457010153,0.2209712524195457,,6.414053371157835,7.280589542862468,,3044,,0,
